[
  {
    "Category (equipment)": "Pan Brake",
    "Page": "youtube_playlist_panbrake.html",
    "Title": "Part 1 - The Pan Brake",
    "English": "https://youtu.be/DpEb5JxpGsE",
    "Chinese (Traditional)": "https://youtu.be/o5ape7ZX1-Y",
    "Hindi": "https://youtu.be/8XKEC5PxX_w",
    "Vietnamese": null,
    "Spanish": null,
    "French": null,
    "Malay": null
  },
  {
    "Category (equipment)": "Pan Brake",
    "Page": "youtube_playlist_panbrake.html",
    "Title": "Part 2 - The Pattern",
    "English": "https://youtu.be/d6S28i0YL7E",
    "Chinese (Traditional)": "https://youtu.be/ia7Ylc-XNlQ",
    "Hindi": "https://youtu.be/iyF9eO9zna4",
    "Vietnamese": null,
    "Spanish": null,
    "French": null,
    "Malay": null
  },
  {
    "Category (equipment)": "Pan Brake",
    "Page": "youtube_playlist_panbrake.html",
    "Title": "Part 3 - 90° Fold",
    "English": "https://youtu.be/5AOqs8CBC-E",
    "Chinese (Traditional)": "https://youtu.be/3NWGeE8Ob2Q",
    "Hindi": "https://youtu.be/sGVzbY0Lf8A",
    "Vietnamese": null,
    "Spanish": null,
    "French": null,
    "Malay": null
  },
  {
    "Category (equipment)": "Pan Brake",
    "Page": "youtube_playlist_panbrake.html",
    "Title": "Part 4 - The Sides (ends)",
    "English": "https://youtu.be/vVU_qMjk058",
    "Chinese (Traditional)": "https://youtu.be/DbLdx3-dzw8",
    "Hindi": "https://youtu.be/hKvqW9Dq0EQ",
    "Vietnamese": null,
    "Spanish": null,
    "French": null,
    "Malay": null
  },
  {
    "Category (equipment)": "Pan Brake",
    "Page": "youtube_playlist_panbrake.html",
    "Title": "Part 5 - Toolbox Assembly",
    "English": "https://youtu.be/9qgv08k_R2s",
    "Chinese (Traditional)": "https://youtu.be/jdDiPwI1hqQ",
    "Hindi": "https://youtu.be/OnRylzCzzwk",
    "Vietnamese": null,
    "Spanish": null,
    "French": null,
    "Malay": null
  },
  {
    "Category (equipment)": "Pan Brake",
    "Page": "youtube_playlist_panbrake.html",
    "Title": "Part 6 - Toolbox Tray",
    "English": "https://youtu.be/Y7dyPzdJYQI",
    "Chinese (Traditional)": "https://youtu.be/fyP2PczI8Fc",
    "Hindi": "https://youtu.be/lH_KmkwRopU",
    "Vietnamese": null,
    "Spanish": null,
    "French": null,
    "Malay": null
  },
  {
    "Category (equipment)": "Pan Brake",
    "Page": "youtube_playlist_panbrake.html",
    "Title": "Part 7 - Toolbox Handle",
    "English": "https://youtu.be/U8OFwXyYJPM",
    "Chinese (Traditional)": "https://youtu.be/FjME-DPNydw",
    "Hindi": "https://youtu.be/JYFDERI1lWo",
    "Vietnamese": null,
    "Spanish": null,
    "French": null,
    "Malay": null
  },
  {
    "Category (equipment)": "Pan Brake",
    "Page": "youtube_playlist_panbrake.html",
    "Title": "Disposal Instructions",
    "English": "https://youtu.be/8SKFkCJpbPI",
    "Chinese (Traditional)": null,
    "Hindi": "https://youtu.be/Ow-vOR0iwos",
    "Vietnamese": null,
    "Spanish": null,
    "French": null,
    "Malay": null
  },
  {
    "Category (equipment)": null,
    "Page": null,
    "Title": null,
    "English": null,
    "Chinese (Traditional)": null,
    "Hindi": null,
    "Vietnamese": null,
    "Spanish": null,
    "French": null,
    "Malay": null
  },
  {
    "Category (equipment)": null,
    "Page": null,
    "Title": null,
    "English": null,
    "Chinese (Traditional)": null,
    "Hindi": null,
    "Vietnamese": null,
    "Spanish": null,
    "French": null,
    "Malay": null
  },
  {
    "Category (equipment)": null,
    "Page": null,
    "Title": null,
    "English": null,
    "Chinese (Traditional)": null,
    "Hindi": null,
    "Vietnamese": null,
    "Spanish": null,
    "French": null,
    "Malay": null
  },
  {
    "Category (equipment)": "Guillotine",
    "Page": "youtube_playlist_guillotine.html",
    "Title": "Guillotine Safety",
    "English": "https://youtu.be/Gww8QB6jJvA",
    "Chinese (Traditional)": "https://youtu.be/mmI1h9Ujk54",
    "Hindi": "https://youtu.be/wl7HCUXKmmk",
    "Vietnamese": null,
    "Spanish": null,
    "French": null,
    "Malay": null
  },
  {
    "Category (equipment)": "Guillotine",
    "Page": "youtube_playlist_guillotine.html",
    "Title": "Cutting with Guillotine",
    "English": "https://youtu.be/WU_gU6WNhl8",
    "Chinese (Traditional)": "https://youtu.be/9hlWVu2nfqU",
    "Hindi": "https://youtu.be/ODxxIJMqm5U",
    "Vietnamese": null,
    "Spanish": null,
    "French": null,
    "Malay": null
  },
  {
    "Category (equipment)": null,
    "Page": null,
    "Title": null,
    "English": null,
    "Chinese (Traditional)": null,
    "Hindi": null,
    "Vietnamese": null,
    "Spanish": null,
    "French": null,
    "Malay": null
  },
  {
    "Category (equipment)": null,
    "Page": null,
    "Title": null,
    "English": null,
    "Chinese (Traditional)": null,
    "Hindi": null,
    "Vietnamese": null,
    "Spanish": null,
    "French": null,
    "Malay": null
  },
  {
    "Category (equipment)": null,
    "Page": null,
    "Title": null,
    "English": null,
    "Chinese (Traditional)": null,
    "Hindi": null,
    "Vietnamese": null,
    "Spanish": null,
    "French": null,
    "Malay": null
  },
  {
    "Category (equipment)": null,
    "Page": null,
    "Title": null,
    "English": null,
    "Chinese (Traditional)": null,
    "Hindi": null,
    "Vietnamese": null,
    "Spanish": null,
    "French": null,
    "Malay": null
  },
  {
    "Category (equipment)": null,
    "Page": null,
    "Title": null,
    "English": null,
    "Chinese (Traditional)": null,
    "Hindi": null,
    "Vietnamese": null,
    "Spanish": null,
    "French": null,
    "Malay": null
  },
  {
    "Category (equipment)": "Pedestal Drill",
    "Page": "youtube_playlist_pedestal_drill.html",
    "Title": "Pedestal Drill",
    "English": "https://youtu.be/XgDCD_KAh1g",
    "Chinese (Traditional)": "https://youtu.be/rSqL8G5g8Ek",
    "Hindi": "https://youtu.be/5cj3W2eACws",
    "Vietnamese": null,
    "Spanish": null,
    "French": null,
    "Malay": null
  },
  {
    "Category (equipment)": null,
    "Page": null,
    "Title": null,
    "English": null,
    "Chinese (Traditional)": null,
    "Hindi": null,
    "Vietnamese": null,
    "Spanish": null,
    "French": null,
    "Malay": null
  },
  {
    "Category (equipment)": null,
    "Page": null,
    "Title": null,
    "English": null,
    "Chinese (Traditional)": null,
    "Hindi": null,
    "Vietnamese": null,
    "Spanish": null,
    "French": null,
    "Malay": null
  },
  {
    "Category (equipment)": null,
    "Page": null,
    "Title": null,
    "English": null,
    "Chinese (Traditional)": null,
    "Hindi": null,
    "Vietnamese": null,
    "Spanish": null,
    "French": null,
    "Malay": null
  },
  {
    "Category (equipment)": null,
    "Page": null,
    "Title": null,
    "English": null,
    "Chinese (Traditional)": null,
    "Hindi": null,
    "Vietnamese": null,
    "Spanish": null,
    "French": null,
    "Malay": null
  },
  {
    "Category (equipment)": "PPE",
    "Page": "youtube_playlist_panbrake_safety.html",
    "Title": "Workshop Safety PPE Video",
    "English": "https://youtu.be/QHgmP9JmbDM",
    "Chinese (Traditional)": "https://youtu.be/mVNnne56-zQ",
    "Hindi": null,
    "Vietnamese": null,
    "Spanish": null,
    "French": null,
    "Malay": null
  }
]