[
  {
    "name": "Nat Bates",
    "title": "VE teacher, Animation and Games",
    "cluster": "CI",
    "video": "https://youtu.be/209g4wIWbW4",
    "profile_image": "assets/profiles/1757654988087_Nat_Bates_1757654970262.jpg",
    "external_url": ""
  },
  {
    "name": "Ursula Monsiegneur",
    "title": "Nursing",
    "cluster": "SC&H",
    "video": "",
    "profile_image": "assets/profiles/profile.png",
    "external_url": ""
  },
  {
    "name": "Kerri Ledingham",
    "title": "VE Teacher",
    "cluster": "SC&H",
    "video": "https://youtu.be/oii5shjvnio",
    "profile_image": "assets/profiles/1757651807623_Kerri_Ledingham_1757651806749.jpg",
    "external_url": ""
  },
  {
    "name": "Amber Mitton",
    "title": "VE Techer & Placement Coordinator",
    "cluster": "SC&H",
    "video": "https://youtu.be/rPEPlYG_qaM",
    "profile_image": "assets/profiles/profile.png",
    "external_url": ""
  },
  {
    "name": "Trevor Bayley",
    "title": "Aged Care & Disability",
    "cluster": "SC&H",
    "video": "https://rmit-ve-learningexperience.github.io/dmd/lt/wall_assets/Hope_Article_Trevor_Bayley_TAFE_Teacher%202022.pdf",
    "profile_image": "assets/profiles/profile.png",
    "external_url": ""
  },
  {
    "name": "Selva Venkatesan",
    "title": "VE-Mathematics Teacher",
    "cluster": "FT",
    "video": "https://youtu.be/w8rLvkpK1qM",
    "profile_image": "assets/profiles/1757648635328_Selva_Venkatesan_1757648611745.jpg",
    "external_url": ""
  },
  {
    "name": "Emanuela Rallis",
    "title": "VE Teacher - Interior Design",
    "cluster": "CI",
    "video": "https://youtu.be/Hzkv0bu7KCA",
    "profile_image": "assets/profiles/1757566526878_Emanuela_Rallis_VE_Teacher_-_Interior_Design_CI.jpg",
    "external_url": ""
  },
  {
    "name": "Suzanne Bevacqua",
    "title": "Program Coordinator, Legal Services",
    "cluster": "BE",
    "video": "https://youtu.be/KlX2-Z4F3Fw",
    "profile_image": "assets/profiles/1757550996602_Suzanne_Bevacqua_Program_Coordinator_Legal_Services_BE.jpg",
    "external_url": ""
  },
  {
    "name": "michele MEISTER",
    "title": "VE teacher Interior Design",
    "cluster": "CI",
    "video": "https://youtu.be/Dp3mlgGfN_Q",
    "profile_image": "assets/profiles/1757550492368_michele_MEISTER_VE_teacher_Interior_Design_CI.jpg",
    "external_url": ""
  },
  {
    "name": "Inna Konopov",
    "title": "Teacher",
    "cluster": "CI",
    "video": "https://youtu.be/9yw25xXCdjA",
    "profile_image": "assets/profiles/1757550128132_Inna_Konopov_Teacher_CI.jpg",
    "external_url": ""
  },
  {
    "name": "Ashley Fui Fui Chin",
    "title": "VE Teacher",
    "cluster": "BE",
    "video": "https://youtu.be/torQhs3n-ok",
    "profile_image": "assets/profiles/1757539501643_Ashley_Fui_Fui_Chin_VE_Teacher_BE.jpeg",
    "external_url": ""
  },
  {
    "name": "Tina CUrrie",
    "title": "VE Teacher Sciences",
    "cluster": "SC&H",
    "video": "https://youtu.be/BGkrqLH_j-k",
    "profile_image": "assets/profiles/1757480278142_Tina_CUrrie_VE_Teacher_Sciences_SC_H.jpg",
    "external_url": ""
  },
  {
    "name": "Harleen Kaur",
    "title": "VE teacher",
    "cluster": "SC&H",
    "video": "https://youtu.be/Weziq1dCn7g",
    "profile_image": "assets/profiles/1757477899639_Harleen_Kaur_VE_teacher_SC_H.jpg",
    "external_url": ""
  },
  {
    "name": "Rosemarie Iera",
    "title": "VE Teacher Community Services",
    "cluster": "SC&H",
    "video": "https://youtu.be/vDg6f1Qjy5I",
    "profile_image": "assets/profiles/1757391879531_Rosemarie_Iera_VE_Teacher_Community_Services_SC_H.jpg",
    "external_url": ""
  },
  {
    "name": "Damian Manassa",
    "title": "Senior Teacher VE",
    "cluster": "BE",
    "video": "https://youtu.be/uYNzM7HTStU",
    "profile_image": "assets/profiles/1757367819004_Damian_Manassa_Senior_Teacher_VE_BE.jpg",
    "external_url": ""
  },
  {
    "name": "Hisham Attia",
    "title": "Course Coordinator, RMIT Mentor",
    "cluster": "BE",
    "video": "https://youtu.be/962gd2a1wLw",
    "profile_image": "assets/profiles/1757331363303_Hisham_Attia_Course_Coordinator_RMIT_Mentor_BE.jpg",
    "external_url": ""
  },
  {
    "name": "Dr. Rahul Gupta",
    "title": "VE teacher (Associate Degree)-Mechanical Engineering",
    "cluster": "FT",
    "video": "https://youtu.be/xNwTdHSn8oc",
    "profile_image": "assets/profiles/1757311741093_Dr_Rahul_Gupta_VE_teacher_Associate_Degree_-Mechanical_Engineering_FT.jpg",
    "external_url": ""
  },
  {
    "name": "Richa Verma",
    "title": "Program Coordinator/ Teacher",
    "cluster": "SC&H",
    "video": "https://youtu.be/xNwTdHSn8oc",
    "profile_image": "assets/profiles/1757299272731_Richa_Verma_Program_Coordinator_Teacher_SC_H.jpg",
    "external_url": ""
  },
  {
    "name": "Sanjid Ahmed Patwary",
    "title": "Senior VE Teacher",
    "cluster": "FT",
    "video": "https://youtu.be/jjsT9bkqix8",
    "profile_image": "assets/profiles/1757123310083_Sanjid_Ahmed_Patwary_Senior_VE_Teacher_FT.jpg",
    "external_url": ""
  },
  {
    "name": "Shaffalica Shaffalica",
    "title": "VE Teacher - Nursing",
    "cluster": "SC&H",
    "video": "https://youtu.be/erpnc_lbH9Y",
    "profile_image": "assets/profiles/1757652687774_Shaffalica_Shaffalica_1757652680395.jpg",
    "external_url": ""
  }
]