[
  {
    "Full Name": "Aidan Gingell",
    "Title": "Interior Design & Furniture",
    "Cluster": "CI",
    "Video Path": null,
    "Profile Picture Path": null,
    "Submitted At": null
  },
  {
    "Full Name": "Akhtar Jalbani",
    "Title": "Information Technology",
    "Cluster": "FT",
    "Video Path": "https://youtu.be/2d8G-uuAxpU",
    "Profile Picture Path": "photos/1758092203119_Akhtar_Jalbani_1758092196305.jpg",
    "Submitted At": "2025-09-17T06:56:43.161Z"
  },
  {
    "Full Name": "Alan Woodruff",
    "Title": "Professional Writing & Screenwriting",
    "Cluster": "CI",
    "Video Path": null,
    "Profile Picture Path": null,
    "Submitted At": null
  },
  {
    "Full Name": "Aleksander Joseski",
    "Title": "Screen, Media & Digital Tech",
    "Cluster": "CI",
    "Video Path": null,
    "Profile Picture Path": null,
    "Submitted At": null
  },
  {
    "Full Name": "Amanda Farncomb",
    "Title": "Fashion & Textiles",
    "Cluster": "CI",
    "Video Path": null,
    "Profile Picture Path": null,
    "Submitted At": null
  },
  {
    "Full Name": "Amberlee Mitton",
    "Title": "Applied Science",
    "Cluster": "SC&H",
    "Video Path": "https://youtu.be/rPEPlYG_qaM",
    "Profile Picture Path": "https://rmit-ve-learningexperience.github.io/dmd/lt/wall_assets/photos/Amberlee Mitton.jpg",
    "Submitted At": "2025-09-12T04:07:31.975Z"
  },
  {
    "Full Name": "Andrea McAdam",
    "Title": "Applied Science",
    "Cluster": "SC&H",
    "Video Path": null,
    "Profile Picture Path": null,
    "Submitted At": null
  },
  {
    "Full Name": "Andrew Gray",
    "Title": "Screen, Media & Digital Tech",
    "Cluster": "CI",
    "Video Path": null,
    "Profile Picture Path": "https://rmit-ve-learningexperience.github.io/dmd/lt/wall_assets/photos/profile.png",
    "Submitted At": null
  },
  {
    "Full Name": "Angela Marks-Boulton",
    "Title": "Aged care & disability ",
    "Cluster": "SC&H",
    "Video Path": "https://youtu.be/-CsFdHvJCnA",
    "Profile Picture Path": "https://rmit-ve-learningexperience.github.io/dmd/lt/wall_assets/photos/Angela-Marks-Boulton.png",
    "Submitted At": null
  },
  {
    "Full Name": "Anna Snoekstra",
    "Title": "Professional Writing & Screenwriting",
    "Cluster": "CI",
    "Video Path": null,
    "Profile Picture Path": null,
    "Submitted At": null
  },
  {
    "Full Name": "Anne-Marie Peard",
    "Title": "Professional Writing & Screenwriting",
    "Cluster": "CI",
    "Video Path": null,
    "Profile Picture Path": "https://rmit-ve-learningexperience.github.io/dmd/lt/wall_assets/photos/profile.png",
    "Submitted At": null
  },
  {
    "Full Name": "Anu Sharma",
    "Title": "Applied Science",
    "Cluster": "SC&H",
    "Video Path": "https://youtu.be/u5W3oFDopN8",
    "Profile Picture Path": "https://rmit-ve-learningexperience.github.io/dmd/lt/wall_assets/photos/Anu Sharma.png",
    "Submitted At": null
  },
  {
    "Full Name": "Ashika Harper",
    "Title": "Photography & Visual Arts",
    "Cluster": "CI",
    "Video Path": null,
    "Profile Picture Path": null,
    "Submitted At": null
  },
  {
    "Full Name": "Ashley Chin",
    "Title": "Global Business & Leadership",
    "Cluster": "B&E",
    "Video Path": "https://youtu.be/torQhs3n-ok",
    "Profile Picture Path": "https://rmit-ve-learningexperience.github.io/dmd/lt/wall_assets/photos/1757539501643_Ashley_Fui_Fui_Chin_VE_Teacher_BE.jpg",
    "Submitted At": "2025-09-10T21:25:02.426Z"
  },
  {
    "Full Name": "Ben Hickey",
    "Title": "Professional Writing & Screenwriting",
    "Cluster": "CI",
    "Video Path": null,
    "Profile Picture Path": null,
    "Submitted At": null
  },
  {
    "Full Name": "Ben Mastwyk",
    "Title": "Graphic & Product Design",
    "Cluster": "CI",
    "Video Path": null,
    "Profile Picture Path": null,
    "Submitted At": null
  },
  {
    "Full Name": "Bishwajit Chowdhury",
    "Title": "Electrical & Telecoms",
    "Cluster": "FT",
    "Video Path": "https://youtu.be/Rm4hYzyVKoY",
    "Profile Picture Path": "https://rmit-ve-learningexperience.github.io/dmd/lt/wall_assets/photos/1758244544827_Bishwajit_Chowdhury_1758244541194.jpg",
    "Submitted At": null
  },
  {
    "Full Name": "Brooke Backman",
    "Title": "Sciences & Allied Health",
    "Cluster": "SC&H",
    "Video Path": null,
    "Profile Picture Path": null,
    "Submitted At": null
  },
  {
    "Full Name": "Bruce Moonie",
    "Title": "Interior Design & Furniture",
    "Cluster": "CI",
    "Video Path": null,
    "Profile Picture Path": null,
    "Submitted At": null
  },
  {
    "Full Name": "Carl Sturtz",
    "Title": "Graphic & Product Design",
    "Cluster": "CI",
    "Video Path": null,
    "Profile Picture Path": null,
    "Submitted At": null
  },
  {
    "Full Name": "Chris Paterson",
    "Title": "Screen, Media & Digital Tech",
    "Cluster": "CI",
    "Video Path": null,
    "Profile Picture Path": null,
    "Submitted At": null
  },
  {
    "Full Name": "Clare Strahan",
    "Title": "Professional Writing & Screenwriting",
    "Cluster": "CI",
    "Video Path": null,
    "Profile Picture Path": null,
    "Submitted At": null
  },
  {
    "Full Name": "Claudia Bergsdorf",
    "Title": "Graphic & Product Design",
    "Cluster": "CI",
    "Video Path": null,
    "Profile Picture Path": "https://rmit-ve-learningexperience.github.io/dmd/lt/wall_assets/photos/profile.png",
    "Submitted At": null
  },
  {
    "Full Name": "Damian Manassa",
    "Title": "Global Business & Leadership",
    "Cluster": "B&E",
    "Video Path": "https://youtu.be/uYNzM7HTStU",
    "Profile Picture Path": "https://rmit-ve-learningexperience.github.io/dmd/lt/wall_assets/photos/1757367819004_Damian_Manassa_Senior_Teacher_VE_BE.png",
    "Submitted At": "2025-09-08T21:43:31.560Z"
  },
  {
    "Full Name": "Daniel Moyle",
    "Title": "Community Services",
    "Cluster": "SC&H",
    "Video Path": "https://youtu.be/RCToJZSadhk",
    "Profile Picture Path": "https://rmit-ve-learningexperience.github.io/dmd/lt/wall_assets/photos/1759362763677_Daniel_Moyle_1759362748341.jpeg",
    "Submitted At": "2025-10-01T23:52:43.863Z"
  },
  {
    "Full Name": "Don Smith",
    "Title": "Sciences & Allied Health",
    "Cluster": "SC&H",
    "Video Path": null,
    "Profile Picture Path": null,
    "Submitted At": null
  },
  {
    "Full Name": "Dora Karas",
    "Title": "Applied Science",
    "Cluster": "SC&H",
    "Video Path": null,
    "Profile Picture Path": null,
    "Submitted At": null
  },
  {
    "Full Name": "Eliza Svikulis",
    "Title": "Graphic & Product Design",
    "Cluster": "CI",
    "Video Path": null,
    "Profile Picture Path": null,
    "Submitted At": null
  },
  {
    "Full Name": "Elliot Seidel",
    "Title": "Professional Writing & Screenwriting",
    "Cluster": "CI",
    "Video Path": null,
    "Profile Picture Path": null,
    "Submitted At": null
  },
  {
    "Full Name": "Elvira Lourenco",
    "Title": "Marketing, Comms & PR",
    "Cluster": "B&E",
    "Video Path": null,
    "Profile Picture Path": null,
    "Submitted At": null
  },
  {
    "Full Name": "Emanuela Rallis",
    "Title": "Interior Design & Furniture",
    "Cluster": "CI",
    "Video Path": "https://youtu.be/Hzkv0bu7KCA",
    "Profile Picture Path": "https://rmit-ve-learningexperience.github.io/dmd/lt/wall_assets/photos/1757566526878_Emanuela_Rallis_VE_Teacher_-_Interior_Design_CI.jpg",
    "Submitted At": "2025-09-11T04:55:26.854Z"
  },
  {
    "Full Name": "Eneti Waretini",
    "Title": "Screen, Media & Digital Tech",
    "Cluster": "CI",
    "Video Path": null,
    "Profile Picture Path": null,
    "Submitted At": null
  },
  {
    "Full Name": "Geoffrey Nornor",
    "Title": "Aged care & disability ",
    "Cluster": "SC&H",
    "Video Path": null,
    "Profile Picture Path": "https://rmit-ve-learningexperience.github.io/dmd/lt/wall_assets/photos/Geoffrey_Nornor.png",
    "Submitted At": null
  },
  {
    "Full Name": "George Yousif",
    "Title": "Information Technology",
    "Cluster": "FT",
    "Video Path": "https://youtu.be/BFKoMz0TO14",
    "Profile Picture Path": "-",
    "Submitted At": "2025-09-15T13:12:38.410Z"
  },
  {
    "Full Name": "Gowri Raviganesh",
    "Title": "Business & Commerce",
    "Cluster": "B&E",
    "Video Path": null,
    "Profile Picture Path": null,
    "Submitted At": null
  },
  {
    "Full Name": "Gustavo Morales",
    "Title": "Widening Participation",
    "Cluster": "CI",
    "Video Path": "https://youtu.be/ZGjNpWpS_Y4",
    "Profile Picture Path": "https://rmit-ve-learningexperience.github.io/dmd/lt/wall_assets/photos/1758177347924_Gustavo_Morales_1758177327366.jpg",
    "Submitted At": "2025-09-18T06:35:48.436Z"
  },
  {
    "Full Name": "Hanif SHAIK",
    "Title": "Global Business & Leadership",
    "Cluster": "B&E",
    "Video Path": null,
    "Profile Picture Path": "https://rmit-ve-learningexperience.github.io/dmd/lt/wall_assets/photos/profile.png",
    "Submitted At": null
  },
  {
    "Full Name": "Harleen Kaur",
    "Title": "Education Support & Language",
    "Cluster": "SC&H",
    "Video Path": "https://youtu.be/dGZ4J0buhWE",
    "Profile Picture Path": "https://rmit-ve-learningexperience.github.io/dmd/lt/wall_assets/photos/1757477899639_Harleen_Kaur_VE_teacher_SC_H.png",
    "Submitted At": "2025-09-10T04:18:20.171Z"
  },
  {
    "Full Name": "Harry Hay",
    "Title": "Photography & Visual Arts",
    "Cluster": "CI",
    "Video Path": null,
    "Profile Picture Path": null,
    "Submitted At": null
  },
  {
    "Full Name": "Hisham Attia",
    "Title": "Business & Commerce",
    "Cluster": "B&E",
    "Video Path": "https://youtu.be/962gd2a1wLw",
    "Profile Picture Path": "https://rmit-ve-learningexperience.github.io/dmd/lt/wall_assets/photos/1757331363303_Hisham_Attia_Course_Coordinator_RMIT_Mentor_BE.jpg",
    "Submitted At": "2025-09-08T11:36:03.783Z"
  },
  {
    "Full Name": "Iftekhar Khan",
    "Title": "Manufacturing & Megatronics",
    "Cluster": "FT",
    "Video Path": null,
    "Profile Picture Path": null,
    "Submitted At": null
  },
  {
    "Full Name": "Ilka Tampke",
    "Title": "Professional Writing & Screenwriting",
    "Cluster": "CI",
    "Video Path": null,
    "Profile Picture Path": null,
    "Submitted At": null
  },
  {
    "Full Name": "Inna Konopov",
    "Title": "Fashion & Textiles",
    "Cluster": "CI",
    "Video Path": "https://youtu.be/9yw25xXCdjA",
    "Profile Picture Path": "https://rmit-ve-learningexperience.github.io/dmd/lt/wall_assets/photos/1757550128132_Inna_Konopov_Teacher_CI.jpg",
    "Submitted At": "2025-09-11T00:22:09.879Z"
  },
  {
    "Full Name": "Irene Yoong",
    "Title": "Nursing",
    "Cluster": "SC&H",
    "Video Path": null,
    "Profile Picture Path": null,
    "Submitted At": null
  },
  {
    "Full Name": "Jane Mcclure",
    "Title": "Nursing",
    "Cluster": "SC&H",
    "Video Path": null,
    "Profile Picture Path": null,
    "Submitted At": null
  },
  {
    "Full Name": "Jane Mchenry",
    "Title": "Aged care & disability ",
    "Cluster": "SC&H",
    "Video Path": "https://youtu.be/-CsFdHvJCnA",
    "Profile Picture Path": "https://rmit-ve-learningexperience.github.io/dmd/lt/wall_assets/photos/Jane-Mchenry.png",
    "Submitted At": null
  },
  {
    "Full Name": "Janelle Low",
    "Title": "Photography & Visual Arts",
    "Cluster": "CI",
    "Video Path": null,
    "Profile Picture Path": null,
    "Submitted At": null
  },
  {
    "Full Name": "Jansen Lye",
    "Title": "Graphic & Product Design",
    "Cluster": "CI",
    "Video Path": "https://youtu.be/-G7RmAForJE",
    "Profile Picture Path": "-",
    "Submitted At": "2025-09-18T05:50:13.398Z"
  },
  {
    "Full Name": "Jason Chong",
    "Title": "Sciences & Allied Health",
    "Cluster": "SC&H",
    "Video Path": "https://youtu.be/xcwHvSlDiAk",
    "Profile Picture Path": "https://rmit-ve-learningexperience.github.io/dmd/lt/wall_assets/photos/1758154411392_Jason_Chong_1758154291432.png",
    "Submitted At": null
  },
  {
    "Full Name": "Jennifer Stephen",
    "Title": "External",
    "Cluster": "FT",
    "Video Path": null,
    "Profile Picture Path": "https://rmit-ve-learningexperience.github.io/dmd/lt/wall_assets/photos/profile.png",
    "Submitted At": null
  },
  {
    "Full Name": "Jess Schwientek",
    "Title": "Photography & Visual Arts",
    "Cluster": "CI",
    "Video Path": null,
    "Profile Picture Path": null,
    "Submitted At": null
  },
  {
    "Full Name": "Joe Rosagrata",
    "Title": "Global Business & Leadership",
    "Cluster": "B&E",
    "Video Path": null,
    "Profile Picture Path": null,
    "Submitted At": null
  },
  {
    "Full Name": "Joel Rainford",
    "Title": "Fashion & Textiles",
    "Cluster": "CI",
    "Video Path": null,
    "Profile Picture Path": null,
    "Submitted At": null
  },
  {
    "Full Name": "Julie Dugandzic",
    "Title": "Fashion & Textiles",
    "Cluster": "CI",
    "Video Path": null,
    "Profile Picture Path": null,
    "Submitted At": null
  },
  {
    "Full Name": "Justin Compton",
    "Title": "Interior Design & Furniture",
    "Cluster": "CI",
    "Video Path": null,
    "Profile Picture Path": "https://rmit-ve-learningexperience.github.io/dmd/lt/wall_assets/photos/profile.png",
    "Submitted At": null
  },
  {
    "Full Name": "Kanwalpreet Nijhar",
    "Title": "Global Business & Leadership",
    "Cluster": "B&E",
    "Video Path": "https://youtu.be/0oj94SwQKv4",
    "Profile Picture Path": "https://rmit-ve-learningexperience.github.io/dmd/lt/wall_assets/photos/Kanwalpreet Nijhar.jpg",
    "Submitted At": null
  },
  {
    "Full Name": "Kate Lamble",
    "Title": "Nursing",
    "Cluster": "SC&H",
    "Video Path": null,
    "Profile Picture Path": null,
    "Submitted At": null
  },
  {
    "Full Name": "Keren Dobia",
    "Title": "Interior Design & Furniture",
    "Cluster": "CI",
    "Video Path": null,
    "Profile Picture Path": null,
    "Submitted At": null
  },
  {
    "Full Name": "Kerri Ledingham",
    "Title": "Education Support & Language",
    "Cluster": "SC&H",
    "Video Path": "https://youtu.be/6GolVPF44Lo",
    "Profile Picture Path": "https://rmit-ve-learningexperience.github.io/dmd/lt/wall_assets/photos/1761109490640_Kerri_Ledingham_1761109487735.JPG",
    "Submitted At": "2025-09-12T04:36:57.589Z"
  },
  {
    "Full Name": "Kylie Dowles",
    "Title": "Global Business & Leadership",
    "Cluster": "B&E",
    "Video Path": null,
    "Profile Picture Path": null,
    "Submitted At": null
  },
  {
    "Full Name": "Leigh Milward",
    "Title": "Graphic & Product Design",
    "Cluster": "CI",
    "Video Path": null,
    "Profile Picture Path": null,
    "Submitted At": null
  },
  {
    "Full Name": "Louisa Syme",
    "Title": "Professional Writing & Screenwriting",
    "Cluster": "CI",
    "Video Path": null,
    "Profile Picture Path": null,
    "Submitted At": null
  },
  {
    "Full Name": "Louise McRoberts",
    "Title": "Education Support & Language",
    "Cluster": "SC&H",
    "Video Path": null,
    "Profile Picture Path": null,
    "Submitted At": null
  },
  {
    "Full Name": "Lucia Ondrusova",
    "Title": "Interior Design & Furniture",
    "Cluster": "CI",
    "Video Path": null,
    "Profile Picture Path": null,
    "Submitted At": null
  },
  {
    "Full Name": "Lucy Maddox",
    "Title": "Photography & Visual Arts",
    "Cluster": "CI",
    "Video Path": null,
    "Profile Picture Path": null,
    "Submitted At": null
  },
  {
    "Full Name": "Luke Eberbach",
    "Title": "Associate Director",
    "Cluster": "FT",
    "Video Path": null,
    "Profile Picture Path": null,
    "Submitted At": null
  },
  {
    "Full Name": "Lynne Edwards",
    "Title": "Nursing",
    "Cluster": "SC&H",
    "Video Path": "https://youtu.be/qZ8O8EtYxrk",
    "Profile Picture Path": "-",
    "Submitted At": null
  },
  {
    "Full Name": "Mardi O'Rourke",
    "Title": "Fashion & Textiles",
    "Cluster": "CI",
    "Video Path": "https://youtu.be/kBml2Yo9s1k",
    "Profile Picture Path": "https://rmit-ve-learningexperience.github.io/dmd/lt/wall_assets/photos/MardiORourke_Headshot.JPG",
    "Submitted At": null
  },
  {
    "Full Name": "Marsha Adams",
    "Title": "Community Services",
    "Cluster": "SC&H",
    "Video Path": "https://youtu.be/BRcFh7AdyHg",
    "Profile Picture Path": "-",
    "Submitted At": null
  },
  {
    "Full Name": "Martin Reftel",
    "Title": "Interior Design & Furniture",
    "Cluster": "CI",
    "Video Path": null,
    "Profile Picture Path": null,
    "Submitted At": null
  },
  {
    "Full Name": "Mary Mirt",
    "Title": "Fashion & Textiles",
    "Cluster": "CI",
    "Video Path": "https://youtu.be/5LmL4s7sIzY",
    "Profile Picture Path": "https://rmit-ve-learningexperience.github.io/dmd/lt/wall_assets/photos/Mary Mirt.jpg",
    "Submitted At": null
  },
  {
    "Full Name": "Maya Toone",
    "Title": "Screen, Media & Digital Tech",
    "Cluster": "CI",
    "Video Path": null,
    "Profile Picture Path": null,
    "Submitted At": null
  },
  {
    "Full Name": "Meetu Aggarwal",
    "Title": "Accounting & Finance",
    "Cluster": "B&E",
    "Video Path": "https://youtu.be/Y3bB9tYlUfw",
    "Profile Picture Path": "https://rmit-ve-learningexperience.github.io/dmd/lt/wall_assets/photos/1758082830940_Meetu_Aggarwal_1758082806918.jpg",
    "Submitted At": "2025-09-17T04:20:30.867Z"
  },
  {
    "Full Name": "Melissa Amerena",
    "Title": "Sciences & Allied Health",
    "Cluster": "SC&H",
    "Video Path": null,
    "Profile Picture Path": null,
    "Submitted At": null
  },
  {
    "Full Name": "Melissa Cranenburgh",
    "Title": "Professional Writing & Screenwriting",
    "Cluster": "CI",
    "Video Path": null,
    "Profile Picture Path": null,
    "Submitted At": null
  },
  {
    "Full Name": "Michael Kenna",
    "Title": "Building, Surveying & Land Mgt",
    "Cluster": "BE&S",
    "Video Path": null,
    "Profile Picture Path": "https://rmit-ve-learningexperience.github.io/dmd/lt/wall_assets/photos/profile.png",
    "Submitted At": null
  },
  {
    "Full Name": "Michele Meister",
    "Title": "Interior Design & Furniture",
    "Cluster": "CI",
    "Video Path": "https://youtu.be/Dp3mlgGfN_Q",
    "Profile Picture Path": "https://rmit-ve-learningexperience.github.io/dmd/lt/wall_assets/photos/1757550492368_michele_MEISTER_VE_teacher_Interior_Design_CI.jpg",
    "Submitted At": "2025-09-11T00:28:13.899Z"
  },
  {
    "Full Name": "Mohamed Farrag",
    "Title": "Information Technology",
    "Cluster": "FT",
    "Video Path": "https://youtu.be/Zjgs9BE0ido",
    "Profile Picture Path": "https://rmit-ve-learningexperience.github.io/dmd/lt/wall_assets/photos/1758593453378_Mohamed_Farrag_1758593446588.jpg",
    "Submitted At": null
  },
  {
    "Full Name": "Muriel Aldunate",
    "Title": "Sciences & Allied Health",
    "Cluster": "SC&H",
    "Video Path": "https://youtu.be/ADCA5Q2Ywjg",
    "Profile Picture Path": "https://rmit-ve-learningexperience.github.io/dmd/lt/wall_assets/photos/Murielaldunate.jpeg",
    "Submitted At": null
  },
  {
    "Full Name": "Nam Tran",
    "Title": "Business & Commerce",
    "Cluster": "B&E",
    "Video Path": null,
    "Profile Picture Path": null,
    "Submitted At": null
  },
  {
    "Full Name": "Namrita Kadalbajoo",
    "Title": "Applied Science",
    "Cluster": "SC&H",
    "Video Path": "https://youtu.be/J-J8hUB9H3c",
    "Profile Picture Path": "https://rmit-ve-learningexperience.github.io/dmd/lt/wall_assets/photos/1759282110218_Namrita_Kadalbajoo_1759282105707.jpg",
    "Submitted At": "2025-10-01T01:28:31.122Z"
  },
  {
    "Full Name": "Nat Bates",
    "Title": "Screen Media & Digital Technology",
    "Cluster": "CI",
    "Video Path": null,
    "Profile Picture Path": "https://rmit-ve-learningexperience.github.io/dmd/lt/wall_assets/photos/1757654988087_Nat_Bates_1757654970262.jpg",
    "Submitted At": "2025-09-12T05:29:49.996Z"
  },
  {
    "Full Name": "Nat Morawski",
    "Title": "Interior Design & Furniture",
    "Cluster": "CI",
    "Video Path": null,
    "Profile Picture Path": null,
    "Submitted At": null
  },
  {
    "Full Name": "Ned Jobson",
    "Title": "Graphic & Product Design",
    "Cluster": "CI",
    "Video Path": null,
    "Profile Picture Path": null,
    "Submitted At": null
  },
  {
    "Full Name": "Nenagh Brosnan",
    "Title": "Aged care & disability ",
    "Cluster": "SC&H",
    "Video Path": null,
    "Profile Picture Path": null,
    "Submitted At": null
  },
  {
    "Full Name": "Nick Pateman",
    "Title": "Education Support & Language",
    "Cluster": "SC&H",
    "Video Path": null,
    "Profile Picture Path": null,
    "Submitted At": null
  },
  {
    "Full Name": "Nicola Hardy",
    "Title": "Life Model",
    "Cluster": "CI",
    "Video Path": null,
    "Profile Picture Path": null,
    "Submitted At": null
  },
  {
    "Full Name": "Numan Ahmed",
    "Title": "ICT",
    "Cluster": "FT",
    "Video Path": null,
    "Profile Picture Path": null,
    "Submitted At": null
  },
  {
    "Full Name": "Peter McDonald",
    "Title": "SOD Digital Design",
    "Cluster": "CI",
    "Video Path": null,
    "Profile Picture Path": null,
    "Submitted At": null
  },
  {
    "Full Name": "Philip Pedersen",
    "Title": "Fashion & Textiles",
    "Cluster": "CI",
    "Video Path": null,
    "Profile Picture Path": null,
    "Submitted At": null
  },
  {
    "Full Name": "Pragya Joshi",
    "Title": "ICT",
    "Cluster": "FT",
    "Video Path": "https://youtu.be/BsWikzodRS4",
    "Profile Picture Path": "https://rmit-ve-learningexperience.github.io/dmd/lt/wall_assets/photos/Pragya.png",
    "Submitted At": null
  },
  {
    "Full Name": "Rachel Matthews",
    "Title": "Professional Writing & Screenwriting",
    "Cluster": "CI",
    "Video Path": null,
    "Profile Picture Path": null,
    "Submitted At": null
  },
  {
    "Full Name": "Radhu Punchanathan",
    "Title": "Information Technology",
    "Cluster": "FT",
    "Video Path": null,
    "Profile Picture Path": null,
    "Submitted At": null
  },
  {
    "Full Name": "Rahel Leivenzon",
    "Title": "Applied Science",
    "Cluster": "SC&H",
    "Video Path": "https://youtu.be/XECaTKh9D1I",
    "Profile Picture Path": "https://rmit-ve-learningexperience.github.io/dmd/lt/wall_assets/photos/1761864415238_Rahel_Leivenzon_1761864405822.jpg",
    "Submitted At": "2025-10-30T22:46:55.893Z"
  },
  {
    "Full Name": "Rahul Gupta",
    "Title": "Engineering & Electro tech",
    "Cluster": "FT",
    "Video Path": "https://youtu.be/xNwTdHSn8oc",
    "Profile Picture Path": "https://rmit-ve-learningexperience.github.io/dmd/lt/wall_assets/photos/1757311741093_Dr_Rahul_Gupta_VE_teacher_Associate_Degree_-Mechanical_Engineering_FT.png",
    "Submitted At": "2025-09-08T06:08:35.183Z"
  },
  {
    "Full Name": "Rauha Quazi",
    "Title": "Applied Science",
    "Cluster": "SC&H",
    "Video Path": "https://youtu.be/9-0uM9tmK5g",
    "Profile Picture Path": "https://rmit-ve-learningexperience.github.io/dmd/lt/wall_assets/photos/1758144300243_Rauha_Quazi_1758144295004.jpg",
    "Submitted At": "2025-09-17T21:25:00.509Z"
  },
  {
    "Full Name": "Ray Alotry",
    "Title": "Information Technology",
    "Cluster": "FT",
    "Video Path": "https://youtu.be/7twNgGfwz0U",
    "Profile Picture Path": null,
    "Submitted At": null
  },
  {
    "Full Name": "Richa Verma",
    "Title": "Applied Science",
    "Cluster": "SC&H",
    "Video Path": "https://youtu.be/OcYaJVYEXgU",
    "Profile Picture Path": "https://rmit-ve-learningexperience.github.io/dmd/lt/wall_assets/photos/1757299272731_Richa_Verma_Program_Coordinator_Teacher_SC_H.png",
    "Submitted At": "2025-09-08T02:41:13.541Z"
  },
  {
    "Full Name": "Robert Gale",
    "Title": "Interior Design & Furniture",
    "Cluster": "CI",
    "Video Path": null,
    "Profile Picture Path": null,
    "Submitted At": null
  },
  {
    "Full Name": "Ros Garwood",
    "Title": "Nursing",
    "Cluster": "SC&H",
    "Video Path": null,
    "Profile Picture Path": null,
    "Submitted At": null
  },
  {
    "Full Name": "Rosemarie Iera",
    "Title": "Community Services",
    "Cluster": "SC&H",
    "Video Path": "https://youtu.be/vDg6f1Qjy5I",
    "Profile Picture Path": "https://rmit-ve-learningexperience.github.io/dmd/lt/wall_assets/photos/1757391879531_Rosemarie_Iera_VE_Teacher_Community_Services_SC_H.png",
    "Submitted At": "2025-09-09T04:24:43.767Z"
  },
  {
    "Full Name": "Sally Armstrong",
    "Title": "Applied Science",
    "Cluster": "SC&H",
    "Video Path": "https://youtu.be/DJmcs6ISTy4",
    "Profile Picture Path": "-",
    "Submitted At": null
  },
  {
    "Full Name": "Samantha Pierce",
    "Title": "Screen, Media & Digital Tech",
    "Cluster": "CI",
    "Video Path": null,
    "Profile Picture Path": null,
    "Submitted At": null
  },
  {
    "Full Name": "Sana Mahajan",
    "Title": "Accounting & Finance",
    "Cluster": "B&E",
    "Video Path": "https://youtu.be/nk7GxL9rDMQ",
    "Profile Picture Path": "https://rmit-ve-learningexperience.github.io/dmd/lt/wall_assets/photos/1759711539388_Sana_Mahajan_1759711510967.png",
    "Submitted At": "2025-10-06T00:45:39.970Z"
  },
  {
    "Full Name": "Sandie Benson",
    "Title": "Fashion & Textiles",
    "Cluster": "CI",
    "Video Path": null,
    "Profile Picture Path": null,
    "Submitted At": null
  },
  {
    "Full Name": "Sanjid Patwary",
    "Title": "Engineering & Electro tech",
    "Cluster": "FT",
    "Video Path": "https://youtu.be/jjsT9bkqix8",
    "Profile Picture Path": "https://rmit-ve-learningexperience.github.io/dmd/lt/wall_assets/photos/1757123310083_Sanjid_Ahmed_Patwary_Senior_VE_Teacher_FT.jpg",
    "Submitted At": "2025-09-06T01:48:31.205Z"
  },
  {
    "Full Name": "Sarah Vincent",
    "Title": "Professional Writing & Screenwriting",
    "Cluster": "CI",
    "Video Path": null,
    "Profile Picture Path": null,
    "Submitted At": null
  },
  {
    "Full Name": "Selva Venkatesan",
    "Title": "Engineering & Electro tech",
    "Cluster": "FT",
    "Video Path": "https://youtu.be/w8rLvkpK1qM",
    "Profile Picture Path": "https://rmit-ve-learningexperience.github.io/dmd/lt/wall_assets/photos/1757648635328_Selva_Venkatesan_1757648611745.jpg",
    "Submitted At": "2025-09-12T03:43:55.877Z"
  },
  {
    "Full Name": "Shaffalica Shaffalica",
    "Title": "Nursing",
    "Cluster": "SC&H",
    "Video Path": "https://youtu.be/erpnc_lbH9Y",
    "Profile Picture Path": "https://rmit-ve-learningexperience.github.io/dmd/lt/wall_assets/photos/1757652687774_Shaffalica_Shaffalica_1757652680395.png",
    "Submitted At": "2025-09-12T04:51:28.637Z"
  },
  {
    "Full Name": "Shubhechha Joshi",
    "Title": "Sciences & Allied Health",
    "Cluster": "SC&H",
    "Video Path": null,
    "Profile Picture Path": null,
    "Submitted At": null
  },
  {
    "Full Name": "Simon Rankin",
    "Title": "Graphic & Product Design",
    "Cluster": "CI",
    "Video Path": null,
    "Profile Picture Path": null,
    "Submitted At": null
  },
  {
    "Full Name": "Smita Jhajharia",
    "Title": "ICT",
    "Cluster": "FT",
    "Video Path": "https://youtu.be/nPTckz38N4I",
    "Profile Picture Path": "https://rmit-ve-learningexperience.github.io/dmd/lt/wall_assets/photos/1757669588113_Smita_Jhajharia_1757669560584.png",
    "Submitted At": null
  },
  {
    "Full Name": "Stefanie Fereiro",
    "Title": "Sound & Live Production",
    "Cluster": "CI",
    "Video Path": null,
    "Profile Picture Path": null,
    "Submitted At": null
  },
  {
    "Full Name": "Sue deGennaro",
    "Title": "Professional Writing & Screenwriting",
    "Cluster": "CI",
    "Video Path": null,
    "Profile Picture Path": "https://rmit-ve-learningexperience.github.io/dmd/lt/wall_assets/photos/profile.png",
    "Submitted At": null
  },
  {
    "Full Name": "Sukant Arora",
    "Title": "Marketing, Comms & PR",
    "Cluster": "B&E",
    "Video Path": null,
    "Profile Picture Path": null,
    "Submitted At": null
  },
  {
    "Full Name": "Sumeet Yadav",
    "Title": "Information Technology",
    "Cluster": "FT",
    "Video Path": null,
    "Profile Picture Path": null,
    "Submitted At": null
  },
  {
    "Full Name": "Suzanne Bevacqua",
    "Title": "Program Manager",
    "Cluster": "B&E",
    "Video Path": "https://youtu.be/KlX2-Z4F3Fw",
    "Profile Picture Path": "https://rmit-ve-learningexperience.github.io/dmd/lt/wall_assets/photos/1757550996602_Suzanne_Bevacqua_Program_Coordinator_Legal_Services_BE.jpg",
    "Submitted At": "2025-09-11T00:36:38.210Z"
  },
  {
    "Full Name": "Suzanne Thomson",
    "Title": "Screen, Media & Digital Tech",
    "Cluster": "CI",
    "Video Path": null,
    "Profile Picture Path": null,
    "Submitted At": null
  },
  {
    "Full Name": "Tanya Unterberger",
    "Title": "ICT",
    "Cluster": "FT",
    "Video Path": null,
    "Profile Picture Path": "https://rmit-ve-learningexperience.github.io/dmd/lt/wall_assets/photos/profile.png",
    "Submitted At": null
  },
  {
    "Full Name": "Tim McCarthy",
    "Title": "Interior Design & Furniture",
    "Cluster": "CI",
    "Video Path": "https://youtu.be/SaCSq1robkQ",
    "Profile Picture Path": "https://rmit-ve-learningexperience.github.io/dmd/lt/wall_assets/photos/1758681080887_tim_mccarthy_1758681074766.png",
    "Submitted At": "2025-09-24T02:31:21.480Z"
  },
  {
    "Full Name": "Tina Currie",
    "Title": "Applied Science",
    "Cluster": "SC&H",
    "Video Path": "https://youtu.be/BGkrqLH_j-k",
    "Profile Picture Path": "https://rmit-ve-learningexperience.github.io/dmd/lt/wall_assets/photos/1757480278142_Tina_CUrrie_VE_Teacher_Sciences_SC_H.jpg",
    "Submitted At": "2025-09-10T04:57:58.269Z"
  },
  {
    "Full Name": "Trevor Bayley",
    "Title": "Aged care & Disability ",
    "Cluster": "SC&H",
    "Video Path": "https://youtu.be/ETNrOqz4aA4",
    "Profile Picture Path": "https://rmit-ve-learningexperience.github.io/dmd/lt/wall_assets/photos/Trevor 2.jpg",
    "Submitted At": null
  },
  {
    "Full Name": "Trewlea Peters",
    "Title": "Screen, Media & Digital Tech",
    "Cluster": "CI",
    "Video Path": null,
    "Profile Picture Path": null,
    "Submitted At": null
  },
  {
    "Full Name": "Ursula Monsiegneur",
    "Title": "Nursing",
    "Cluster": "SC&H",
    "Video Path": null,
    "Profile Picture Path": "https://rmit-ve-learningexperience.github.io/dmd/lt/wall_assets/photos/profile.png",
    "Submitted At": null
  },
  {
    "Full Name": "Vanessa Walker",
    "Title": "Fashion & Textiles",
    "Cluster": "CI",
    "Video Path": null,
    "Profile Picture Path": null,
    "Submitted At": null
  },
  {
    "Full Name": "Vincent Ryan",
    "Title": "Photography & Visual Arts",
    "Cluster": "CI",
    "Video Path": null,
    "Profile Picture Path": null,
    "Submitted At": null
  },
  {
    "Full Name": "Vinita Chaudhary",
    "Title": "Applied Science",
    "Cluster": "SC&H",
    "Video Path": "https://youtu.be/-AHIYVH1Sdg",
    "Profile Picture Path": "https://rmit-ve-learningexperience.github.io/dmd/lt/wall_assets/photos/1758273640712_Vinita_Chaudhary_1758273608425.jpg",
    "Submitted At": null
  },
  {
    "Full Name": "Vivien Wong",
    "Title": "Global Business & Leadership",
    "Cluster": "B&E",
    "Video Path": null,
    "Profile Picture Path": null,
    "Submitted At": null
  },
  {
    "Full Name": "Wayne Beasy",
    "Title": "Global Business & Leadership",
    "Cluster": "B&E",
    "Video Path": null,
    "Profile Picture Path": null,
    "Submitted At": null
  },
  {
    "Full Name": "Yannick Thoraval",
    "Title": "Professional Writing & Screenwriting",
    "Cluster": "CI",
    "Video Path": null,
    "Profile Picture Path": "https://rmit-ve-learningexperience.github.io/dmd/lt/wall_assets/photos/Yannickthoraval Headshot.jpg",
    "Submitted At": null
  }
]